## ESTADO
INSERT INTO ESTADO (IDESTADO, DES_ESTADO) VALUES (0, 'Activo');
INSERT INTO ESTADO (IDESTADO, DES_ESTADO) VALUES (1, 'Inactivo');

## USUARIO ADMINISTRADOR
INSERT INTO PERSONA (IDPERSONA,NOMBRE1,NOMBRE2,APELLIDO1,APELLIDO2,NIT,DPI,GENERO,CARNET) 
            VALUES (0, 'ADMIN', 'ADMIN', 'ADMIN', 'ADMIN', '123456789','1234567891234', 'M', '319019973');

INSERT INTO EMPLEADO (IDEMPLEADO, FECHA_INGRESO_EMPLEADO, SALARIO, PUESTO, PERSONA_IDPERSONA, ESTADO_IDESTADO) 
            VALUES (0, TO_DATE('08-10-2022', 'DD-MM-YYYY'), '0.00', 'SYSADMIN', 0, 0);

-- Agregar columnas usuario y password a la tabla empleado
ALTER TABLE EMPLEADO ADD(
    USUARIO VARCHAR(50),
    PASSWORD VARCHAR(50)
);

ALTER TABLE MEDICAMENTO_X_LABORATORIO ADD(
    FECHA_VENCIMIENTO DATE
);

CREATE SEQUENCE IDPERSONA START WITH 1 INCREMENT BY 1;
CREATE SEQUENCE IDEMPLEADO START WITH 1 INCREMENT BY 1;
CREATE SEQUENCE IDCLIENTE START WITH 1 INCREMENT BY 1;
CREATE SEQUENCE IDLABORATORIO START WITH 1 INCREMENT BY 1;
CREATE SEQUENCE IDSUCURSAL START WITH 1 INCREMENT BY 1;
CREATE SEQUENCE IDMEDICAMENTO START WITH 1 INCREMENT BY 1;
CREATE SEQUENCE IDPRINCIPIO_ACTIVO START WITH 1 INCREMENT BY 1;
CREATE SEQUENCE IDUNIDAD_MEDIDA START WITH 1 INCREMENT BY 1;
COMMIT;


## Insertar Departamentos
INSERT INTO DEPARTAMENTO (IDDEPARTAMENTO, DEPARTAMENTO) VALUES (1, 'Alta Verapaz');
INSERT INTO DEPARTAMENTO (IDDEPARTAMENTO, DEPARTAMENTO) VALUES (2, 'Baja Verapaz');
INSERT INTO DEPARTAMENTO (IDDEPARTAMENTO, DEPARTAMENTO) VALUES (3, 'Chimaltenango');
INSERT INTO DEPARTAMENTO (IDDEPARTAMENTO, DEPARTAMENTO) VALUES (4, 'Chiquimula');
INSERT INTO DEPARTAMENTO (IDDEPARTAMENTO, DEPARTAMENTO) VALUES (5, 'El Progreso');
INSERT INTO DEPARTAMENTO (IDDEPARTAMENTO, DEPARTAMENTO) VALUES (6, 'Escuintla');
INSERT INTO DEPARTAMENTO (IDDEPARTAMENTO, DEPARTAMENTO) VALUES (7, 'Departamento de Guatemala');
INSERT INTO DEPARTAMENTO (IDDEPARTAMENTO, DEPARTAMENTO) VALUES (8, 'Huehuetenango');
INSERT INTO DEPARTAMENTO (IDDEPARTAMENTO, DEPARTAMENTO) VALUES (9, 'Izabal');
INSERT INTO DEPARTAMENTO (IDDEPARTAMENTO, DEPARTAMENTO) VALUES (10, 'Jalapa');
INSERT INTO DEPARTAMENTO (IDDEPARTAMENTO, DEPARTAMENTO) VALUES (11, 'Jutiapa');
INSERT INTO DEPARTAMENTO (IDDEPARTAMENTO, DEPARTAMENTO) VALUES (12, 'Petén');
INSERT INTO DEPARTAMENTO (IDDEPARTAMENTO, DEPARTAMENTO) VALUES (13, 'Quetzaltenango');
INSERT INTO DEPARTAMENTO (IDDEPARTAMENTO, DEPARTAMENTO) VALUES (14, 'Quiché');
INSERT INTO DEPARTAMENTO (IDDEPARTAMENTO, DEPARTAMENTO) VALUES (15, 'Retalhuleu');
INSERT INTO DEPARTAMENTO (IDDEPARTAMENTO, DEPARTAMENTO) VALUES (16, 'Sacatepéquez');
INSERT INTO DEPARTAMENTO (IDDEPARTAMENTO, DEPARTAMENTO) VALUES (17, 'San Marcos');
INSERT INTO DEPARTAMENTO (IDDEPARTAMENTO, DEPARTAMENTO) VALUES (18, 'Santa Rosa');
INSERT INTO DEPARTAMENTO (IDDEPARTAMENTO, DEPARTAMENTO) VALUES (19, 'Sololá');
INSERT INTO DEPARTAMENTO (IDDEPARTAMENTO, DEPARTAMENTO) VALUES (20, 'Suchitepéquez');
INSERT INTO DEPARTAMENTO (IDDEPARTAMENTO, DEPARTAMENTO) VALUES (21, 'Totonicapán');
INSERT INTO DEPARTAMENTO (IDDEPARTAMENTO, DEPARTAMENTO) VALUES (22, 'Zacapa');
COMMIT;

## MUNICIPIOS
INSERT INTO MUNICIPIO (IDMUNICIPIO, MUNICIPIO, DEPARTAMENTO_IDDEPARTAMENTO) VALUES (1, 'Cobán', 1);
INSERT INTO MUNICIPIO (IDMUNICIPIO, MUNICIPIO, DEPARTAMENTO_IDDEPARTAMENTO) VALUES (2, 'Salamá', 2);
INSERT INTO MUNICIPIO (IDMUNICIPIO, MUNICIPIO, DEPARTAMENTO_IDDEPARTAMENTO) VALUES (3, 'Chimaltenango', 3);
INSERT INTO MUNICIPIO (IDMUNICIPIO, MUNICIPIO, DEPARTAMENTO_IDDEPARTAMENTO) VALUES (4, 'Chiquimula', 4);
INSERT INTO MUNICIPIO (IDMUNICIPIO, MUNICIPIO, DEPARTAMENTO_IDDEPARTAMENTO) VALUES (5, 'Guastatoya', 5);
INSERT INTO MUNICIPIO (IDMUNICIPIO, MUNICIPIO, DEPARTAMENTO_IDDEPARTAMENTO) VALUES (6, 'Escuintla', 6);
INSERT INTO MUNICIPIO (IDMUNICIPIO, MUNICIPIO, DEPARTAMENTO_IDDEPARTAMENTO) VALUES (7, 'Ciudad de Guatemala', 7);
INSERT INTO MUNICIPIO (IDMUNICIPIO, MUNICIPIO, DEPARTAMENTO_IDDEPARTAMENTO) VALUES (8, 'Huehuetenango	', 8);
INSERT INTO MUNICIPIO (IDMUNICIPIO, MUNICIPIO, DEPARTAMENTO_IDDEPARTAMENTO) VALUES (9, 'Puerto Barrios', 9);
INSERT INTO MUNICIPIO (IDMUNICIPIO, MUNICIPIO, DEPARTAMENTO_IDDEPARTAMENTO) VALUES (10, 'Jalapa', 10);
INSERT INTO MUNICIPIO (IDMUNICIPIO, MUNICIPIO, DEPARTAMENTO_IDDEPARTAMENTO) VALUES (11, 'Jutiapa', 11);
INSERT INTO MUNICIPIO (IDMUNICIPIO, MUNICIPIO, DEPARTAMENTO_IDDEPARTAMENTO) VALUES (12, 'Flores', 12);
INSERT INTO MUNICIPIO (IDMUNICIPIO, MUNICIPIO, DEPARTAMENTO_IDDEPARTAMENTO) VALUES (13, 'Quetzaltenango', 13);
INSERT INTO MUNICIPIO (IDMUNICIPIO, MUNICIPIO, DEPARTAMENTO_IDDEPARTAMENTO) VALUES (14, 'Santa Cruz del Quiché', 14);
INSERT INTO MUNICIPIO (IDMUNICIPIO, MUNICIPIO, DEPARTAMENTO_IDDEPARTAMENTO) VALUES (15, 'Retalhuleu', 15);
INSERT INTO MUNICIPIO (IDMUNICIPIO, MUNICIPIO, DEPARTAMENTO_IDDEPARTAMENTO) VALUES (16, 'Antigua Guatemala', 16);
INSERT INTO MUNICIPIO (IDMUNICIPIO, MUNICIPIO, DEPARTAMENTO_IDDEPARTAMENTO) VALUES (17, 'San Marcos', 17);
INSERT INTO MUNICIPIO (IDMUNICIPIO, MUNICIPIO, DEPARTAMENTO_IDDEPARTAMENTO) VALUES (18, 'Cuilapa', 18);
INSERT INTO MUNICIPIO (IDMUNICIPIO, MUNICIPIO, DEPARTAMENTO_IDDEPARTAMENTO) VALUES (19, 'Sololá', 19);
INSERT INTO MUNICIPIO (IDMUNICIPIO, MUNICIPIO, DEPARTAMENTO_IDDEPARTAMENTO) VALUES (20, 'Mazatenango', 20);
INSERT INTO MUNICIPIO (IDMUNICIPIO, MUNICIPIO, DEPARTAMENTO_IDDEPARTAMENTO) VALUES (21, 'Totonicapán', 21);
INSERT INTO MUNICIPIO (IDMUNICIPIO, MUNICIPIO, DEPARTAMENTO_IDDEPARTAMENTO) VALUES (22, 'Zacapa', 22);
COMMIT;

## TIPO_PAGO
INSERT INTO TIPO_PAGO (IDTIPO_PAGO, TIPO_PAGO) VALUES (0, 'Efectivo');
INSERT INTO TIPO_PAGO (IDTIPO_PAGO, TIPO_PAGO) VALUES (1, 'Tarjeta de Credito');
INSERT INTO TIPO_PAGO (IDTIPO_PAGO, TIPO_PAGO) VALUES (2, 'Tarjeta de Debito');
INSERT INTO TIPO_PAGO (IDTIPO_PAGO, TIPO_PAGO) VALUES (3, 'Transferencia');
COMMIT;

## HORARIO
INSERT INTO HORARIO (IDHORARIO, HORARIO) VALUES (0, '07:00 - 19:00');
INSERT INTO HORARIO (IDHORARIO, HORARIO) VALUES (1, '08-00 - 21-00');
INSERT INTO HORARIO (IDHORARIO, HORARIO) VALUES (2, '24/7');
COMMIT;


## sucursales
INSERT INTO SUCURSAL (IDSUCURSAL, NOMBRE_SUCURSAL, HORARIO_IDHORARIO) VALUES (0, 'Unidad Zona 1 Guatemala', 0);
INSERT INTO SUCURSAL (IDSUCURSAL, NOMBRE_SUCURSAL, HORARIO_IDHORARIO) VALUES (1, 'Parque Central Xela', 1);
INSERT INTO SUCURSAL (IDSUCURSAL, NOMBRE_SUCURSAL, HORARIO_IDHORARIO) VALUES (2, 'Zona 1 Chiquimula', 2);
COMMIT;